current_price,market_cap,total_volume,reddit_average_posts_48h,reddit_average_comments_48h
176.89981626625848,5155968.184724101,15502306.709940603,0.0,0.0
176.89981626625848,5155968.184724101,15502306.709940603,0.0,0.0
135.28134947600483,6047339.482590814,3474011.8766583554,0.0,0.0
128.7534771130687,5950147.1894259965,1584347.9533599438,0.0,0.0
141.46199827416845,6559531.6027182,627998.1922267581,0.0,0.0
145.03587219299973,6773405.547982994,503177.1077933738,0.0,0.0
143.36032972899667,6670973.790230223,530960.6377084724,0.0,0.0
127.71130340238531,5890537.221716907,513169.0565216271,0.0,0.0
50.12784530514985,5297289.5716001475,6076130.711055076,0.0,0.0
43.627764707464,4885063.901225943,787395.7146600198,0.0,0.0
40.88140461556513,4631190.881566381,967688.7303554979,0.0,0.0
37.66965415642438,4261162.639083426,462954.1110339789,0.0,0.0
34.64393275925881,3953906.958391396,635391.3494237894,0.0,0.0
32.413512819594345,3705805.4099973114,305808.4545031585,0.0,0.0
29.507257834103736,3393542.2406205717,322581.54287124635,0.0,0.0
19.327817598910883,3404079.0893418794,1722906.8896987976,0.0,0.0
21.197694982427883,3781849.236632754,649390.0536253882,0.0,0.0
20.84413715203434,3743926.631787576,890897.1228147483,0.0,0.0
20.998143259253872,3779681.3556626406,586691.9898198962,0.0,0.0
20.431772485030937,3665382.580543319,918775.5450305498,0.0,0.0
21.31800198380787,3842937.5021030875,1113851.1064970517,0.0,0.0
24.168573334850393,4402013.189874785,1085659.2640125903,0.0,0.0
21.261601878534478,5167311.404625817,1778737.949582092,0.0,0.0
21.986492188221142,5471387.65252669,716360.7510840411,0.0,0.0
22.06642203828188,5645714.853098055,835260.4212060167,0.0,0.0
22.914476818333377,5861695.068215105,606696.0370777616,0.0,0.0
28.780750520937403,7426454.971264016,958862.4430434206,0.0,0.0
30.396653225507347,7811126.602706276,866623.0715275096,0.0,0.0
26.06495314302368,6698280.5210030405,803400.249107486,0.0,0.0
23.578693863283334,7713788.142886421,2998947.245434728,0.0,0.0
27.862984889153424,9293475.084243765,1317447.0200449869,0.0,0.0
26.967016714765702,9011346.721824981,758329.7219928718,0.0,0.0
23.765988939923268,7961973.097225878,858209.9943915037,0.0,0.0
26.284493776853235,8821374.749631187,447867.2769745423,0.0,0.0
27.56302549429931,9202632.810320862,1007874.3300680403,0.0,0.0
30.31809860654474,10011777.46424062,577741.513210648,0.0,0.0
26.720613341083176,10833737.469334373,2003118.7331725475,0.0,0.0
27.833184402484584,12303657.7801576,780881.5770696751,0.0,0.0
27.896073586937085,12340225.444976225,688878.4223384619,0.0,0.0
29.175196271936013,12996056.62660784,1099972.690090648,0.0,0.0
28.177754149380167,13266254.411511794,653671.7456499247,0.0,0.0
28.554459763481727,13513381.729808327,603308.6932618193,0.0,0.0
28.629079998030253,13529510.390786307,746338.4271168483,0.0,0.0
25.531610271561686,13891536.84927674,1759548.1255309812,0.0,0.0
27.4681912664109,15097581.66957209,945969.4055146065,0.0,0.0
27.520832637540245,16542555.748614622,704655.6736482135,0.0,0.0
27.286385168414697,16301821.788946727,662233.6123448258,0.0,0.0
27.187065691856485,16874983.912009668,671216.3642455197,0.0,0.0
28.47358413029163,17579848.628568124,835261.588537486,0.0,0.0
29.265385057973482,17955578.658849154,1062134.6291317185,0.0,0.0
28.21070282215704,19964571.135577448,3078621.042570376,0.0,0.0
32.597539487031106,22700975.84829158,1590561.218036184,0.0,0.0
36.76729420179827,25776618.491654396,1464416.544351515,0.0,0.0
33.61735085579717,23757874.897782013,379387.4661631084,0.0,0.0
34.58017116845942,24376760.375490725,756392.372668162,0.0,0.0
34.09740361949283,24163006.673272476,553561.7003591665,0.0,0.0
35.195854924491584,25029280.16961447,538381.7059861404,0.0,0.0
31.86964906988891,24843095.709108878,2822481.955558799,0.0,0.0
30.743365518561696,24132821.401496015,2240701.283849016,0.0,0.0
29.539648071095854,23754004.941478632,812939.3285036185,0.0,0.0
27.770607007860978,21869800.033618033,832460.4814159243,0.0,0.0
28.97855012017365,22890274.461260896,690855.2309067542,0.0,0.0
29.134111313257392,23031512.0884931,401053.392015983,0.0,0.0
31.147215734435036,24800967.44718959,1128992.9654644676,0.0,0.0
27.265236320439055,23136318.1912455,2772205.5998561024,0.0,0.0
27.98012018380106,23859920.618553583,634666.1810922826,0.0,0.0
26.8255489455879,22817358.484088115,765450.8629137769,0.0,0.0
26.366807940127014,22631582.453504547,719664.1720971108,0.0,0.0
25.163161699160284,21625676.05727863,813079.7857541381,0.0,0.0
25.53042409412766,21324815.115378022,645252.7843784973,0.0,0.0
18.621022052263267,15975930.303646775,3775968.0249551497,0.0,0.0
17.174116183320187,15845038.172620533,2162841.632229773,0.0,0.0
18.20128408532491,16997504.01900937,1469036.966369466,0.0,0.0
21.265757657832005,19660276.57304643,1254928.1203079736,0.0,0.0
21.64200115084004,20057915.117411815,755329.0192225666,0.0,0.0
23.10200279443717,21586813.22759672,1483956.0018288286,0.0,0.0
22.57728253175559,22006711.686290506,698142.8052865514,0.0,0.0
23.37508184723847,21974460.283072915,943749.3198313331,0.0,0.0
27.292808108122586,27012347.04284864,4984773.8132595,0.0,0.0
26.508955540690305,26426041.392310526,1663773.7211488567,0.0,0.0
27.175641931405895,27200817.040354725,727062.4918307479,0.0,0.0
28.282064758739384,28303323.1422233,1143254.604602033,0.0,0.0
28.16942212977913,29259167.79131229,757424.9132192221,0.0,0.0
30.65569739950684,30900003.284787945,851138.498360788,0.0,0.0
28.82197285732943,29228911.601947095,1223976.076630415,0.0,0.0
30.51751657907852,32653219.28912986,2938345.9998023235,0.0,0.0
29.937818844679057,32056715.27519592,1330310.1187418497,0.0,0.0
28.280205456745076,30378235.247333802,1408457.385326276,0.0,0.0
26.072562039115926,28382555.37539995,1133020.8408041943,0.0,0.0
27.33002418638305,29282289.421687737,1608441.774191063,0.0,0.0
28.224464311428278,30525796.721885603,828477.7715190016,0.0,0.0
32.907523294521674,35507780.66641181,4303798.579100734,0.0,0.0
40.322153706783915,47228824.48800975,5874304.520225384,0.0,0.0
34.96911795995674,41760094.91445699,3677459.2195776976,0.0,0.0
49.62137780238731,58956466.06799657,6994970.934553468,0.0,0.0
51.95371427749262,62623280.55220947,3784165.436250843,0.0,0.0
42.23533836144548,53411665.97357176,2828157.8250940503,0.0,0.0
47.131608956046136,56409684.18787293,2461474.755191042,0.0,0.0
48.09552113861904,57997581.75249552,2722789.3307394073,0.0,0.0
48.411611207196465,60981437.542562425,3809380.109795906,0.0,0.0
57.040238999288576,72679550.23609567,4323027.691277949,0.0,0.0
57.650867312835494,73346916.72367719,2020732.788253536,0.0,0.0
72.12373246539772,92554842.12106033,5338938.756999471,0.0,0.0
71.36112295254895,91764710.45766315,3441528.5965201505,0.0,0.0
67.89830421390555,83523407.60742244,3165914.9755638554,0.0,0.0
62.823265702432714,83364270.5022949,2055628.3330693096,0.0,0.0
66.1743602949085,87756855.9161605,4578395.037266563,0.0,0.0
63.17949437331161,85307431.47563046,2963107.6542381584,0.0,0.0
58.940115592813015,79965136.23659799,5420751.460535713,0.0,0.0
61.246219556295905,82647214.75260825,2099778.312870959,0.0,0.0
60.80291772770142,82183050.80896491,1590120.3751405743,0.0,0.0
74.1924717407867,101025871.83559625,4711525.837915828,0.0,0.0
70.86605711336985,98555634.0288634,2302870.975479692,0.0,0.0
67.93531488469876,92602038.74843131,4564945.212230989,0.0,0.0
66.31640993406586,90075815.5861287,2699726.105479481,0.0,0.0
67.06962981956845,91090930.73305538,12473114.810157014,0.0,0.0
64.8838511723809,88017238.42944537,8883560.641874734,0.0,0.0
63.156724330073274,85658616.07857698,4419686.231946621,0.0,0.0
67.89002325992232,90250725.97453074,5424063.208521926,0.0,0.0
66.03972187840203,88985667.04109508,3738403.108104271,0.0,0.0
61.109827762543816,80863073.76327397,4752535.410931377,0.0,0.0
57.058652742905906,77829005.19357951,3668728.1459172056,0.0,0.0
53.73325307102598,72894320.82166556,3087979.552250086,0.0,0.0
48.30166276182011,66095735.56665389,2928476.635334997,0.0,0.0
57.94699609812696,77840768.75086059,4048361.742104686,0.0,0.0
56.06539516584588,76069337.95396824,464227.2363525634,0.0,0.0
50.02837864763955,68574137.76403348,2314762.9536371483,0.0,0.0
56.05011466587078,75525985.56359811,3300542.0887492476,0.0,0.0
52.26002737638799,71103685.72178298,2829614.9763547154,0.0,0.0
57.280345287910635,78020844.8776399,2213992.485629812,0.0,0.0
55.329830995471205,75174839.6606246,1467493.474772976,0.0,0.0
58.31615338823257,79023126.70144433,2397471.351408923,0.0,0.0
61.156089612853926,83243182.5925671,1466227.228095914,0.0,0.0
60.62036555559337,82471739.7594488,3058066.350658162,0.0,0.0
60.82245001745698,82479459.2012291,2414956.1830760348,0.0,0.0
65.82553347716966,89400422.3383125,3188711.0344350026,0.0,0.0
64.90391194802044,88314969.6851315,2197239.49068375,0.0,0.0
68.74858817297738,93481316.54131778,1797607.978282948,0.0,0.0
74.82691879391044,101182810.32175885,2274279.614898347,0.0,0.0
88.86147934509678,120980159.31378877,4414585.0221547885,0.0,0.0
87.2050465443003,118337220.20069367,3130210.5885971496,0.0,0.0
78.36301370967915,106848738.61915429,7199270.116804376,0.0,0.0
63.278385047278114,85679739.02923863,3688394.803219852,0.0,0.0
59.233197100435035,80548937.24191216,3441304.336958846,0.0,0.0
63.66088269627473,86658927.500954,1186731.7563944415,0.0,0.0
67.74527739504715,90351592.23225439,1252344.5372607848,0.0,0.0
65.11898824862973,88554405.59757286,1226036.6271387495,0.0,0.0
60.673363283744266,82389835.46597554,1639758.1190271543,0.0,0.0
53.373818410071785,72753603.54517654,2795013.4603310134,0.0,0.0
48.067848003483604,65267402.699224904,3377114.7343832985,0.0,0.0
53.09935261408548,72485282.54264039,2110672.49026692,0.0,0.0
51.14028442605332,68599774.16185363,1340636.4395453187,0.0,0.0
51.87313055204227,70352318.70283204,818101.9934802583,0.0,0.0
49.48876523413449,66654850.4060113,1054608.0128208194,0.0,0.0
47.035758854433254,63853469.93913802,1275810.2576296346,0.0,0.0
46.845840875504415,63626506.29364612,2218068.3383011273,0.0,0.0
44.161773986764025,60169025.422065124,1468688.0403274596,0.0,0.0
47.52812463476503,64983152.79089082,1759083.7552861222,0.0,0.0
47.15540663528923,63972891.18113967,2710657.1288099554,0.0,0.0
48.13945444228853,65474059.15948729,1092323.4235345677,0.0,0.0
44.4447574246312,60404669.70348959,1449266.0478032634,0.0,0.0
41.526870007962415,56198322.95001977,2525275.561640997,0.0,0.0
41.10922500403713,55727636.85547207,1368926.5443359725,0.0,0.0
38.872481368582626,52818773.708978705,1844970.533710331,0.0,0.0
40.84430627042104,55675037.58051324,2478346.546553166,0.0,0.0
44.52670246703368,60308801.13379082,1373254.2681706937,0.0,0.0
43.16217921977394,58784187.29659943,1239561.213898457,0.0,0.0
45.20597728906147,61316320.18476546,1118299.9835014483,0.0,0.0
43.96638720196848,59628319.31864337,1229873.5890226976,0.0,0.0
45.591330366797116,61905847.87672973,3918703.8759075184,0.0,0.0
48.94106795430937,66675929.6975458,1892763.4245269168,0.0,0.0
49.528284308002924,67283846.12708433,2153626.87743083,0.0,0.0
53.64879242000089,72818958.08968401,2460919.5172895812,0.0,0.0
56.830980659159124,76949030.09124553,2846782.4983615363,0.0,0.0
55.49412241210539,75330512.25473195,3141924.6735589607,0.0,0.0
46.133036236254725,62696781.81075265,3136441.369316303,0.0,0.0
45.755354862519674,60756940.74081451,2211399.0217205114,0.0,0.0
43.34382205056562,58954099.22000071,1079188.1552611443,0.0,0.0
45.77827622422039,61235276.49120677,965210.1809825146,0.0,0.0
45.95184993029081,62554910.06432761,2422061.150189815,0.0,0.0
41.15867443851436,55813666.54731571,6590292.018857313,0.0,0.0
42.48475063528281,57747690.98807415,1837048.2391856364,0.0,0.0
41.23799082762303,55934665.604823224,1395583.1651241279,0.0,0.0
38.64640421596415,52458498.76257867,9242917.672606077,0.0,0.0
38.232511551558964,51932828.467542976,2562912.9161934135,0.0,0.0
45.4904712338445,62958793.0447298,4330131.19469301,0.0,0.0
45.7917292374755,62372886.76943313,3732825.633108042,0.0,0.0
42.51449426519842,57696125.51746527,3575892.836721279,0.0,0.0
40.112219723877594,54492226.23766316,4254584.188998707,0.0,0.0
40.71031083610712,55157572.16162879,1233167.7594591957,0.0,0.0
42.04951356262778,57122390.998042166,1309730.2605389627,0.0,0.0
40.85162798711511,55498879.33897136,2109281.949895766,0.0,0.0
41.098627491089076,55785332.88601505,1537600.2061709024,0.0,0.0
43.00029003064853,58471700.95330351,2486692.2746822904,0.0,0.0
42.4006748226024,57582868.95308555,2044668.598418682,0.0,0.0
42.12946451505024,56814451.52654171,1485010.6871753233,0.0,0.0
46.73675068322332,63370939.47732508,2031532.638885765,0.0,0.0
43.00657433924265,58471826.365916945,2779110.0288740005,0.0,0.0
43.6606736522195,59121644.184716135,1960737.2352121468,0.0,0.0
46.727595535598255,115029099.09817019,3656688.2698931666,0.0,0.0
45.58196141128673,109391630.66603243,4675664.369387249,0.0,0.0
53.91575369808298,131428137.50906762,4710739.091892425,0.0,0.0
50.51927646714117,123333643.3337789,2532457.061590681,0.0,0.0
43.83356686036046,105942063.1146397,3985158.2046918017,0.0,0.0
43.016042024347406,107070620.80381545,5644181.501814378,0.0,0.0
45.74552909280381,113338735.6647052,3739865.2639897084,0.0,0.0
36.746177478365844,92767775.30412948,5906280.322688331,0.0,0.0
37.74512761928619,94464482.34023064,3305808.5142003936,0.0,0.0
34.68409998103472,86385247.62632225,2576171.639873519,0.0,0.0
32.3430455344503,81006318.42749949,1571920.833183965,0.0,0.0
28.04260590214332,70035049.03743215,2794414.137599112,0.0,0.0
26.98537921294594,68437807.56258056,4197358.779433016,0.0,0.0
26.10579263556243,66502562.37274422,1496925.4976207865,0.0,0.0
28.38381422123465,74810554.90915415,2219663.8948913473,0.0,0.0
28.884751701948062,74552064.47786069,746368.949745099,0.0,0.0
26.979971668915127,69748709.35490789,2304984.507916364,0.0,0.0
25.519325140042188,68473696.96025823,1612810.2236058733,0.0,0.0
26.221591368311774,68053402.97549327,1879232.8228405567,0.0,0.0
29.42794793071017,78136792.89219227,2365205.503573715,0.0,0.0
29.514611910630315,79017597.08302239,1347426.3381433617,0.0,0.0
30.837491600822936,82643062.56715792,2329692.8104573777,0.0,0.0
32.20120069539061,87153542.492022,1189676.7564321945,0.0,0.0
30.247043385973168,81814919.7152464,882634.608170294,0.0,0.0
30.739109187829378,82547119.7082982,796093.431476726,0.0,0.0
30.78004783994985,83399345.6956229,527428.7938410534,0.0,0.0
28.530262293938605,79870493.14745022,1351638.545194091,0.0,0.0
26.649380718214346,74991399.0524726,951732.8890264973,0.0,0.0
26.56473258809937,75000469.27682063,1160118.9494528242,0.0,0.0
34.73766092138493,99148841.71449865,5559929.317845915,0.0,0.0
34.18340599026084,98378624.86236295,5512508.192220722,0.0,0.0
31.809724864806974,91856960.84736021,2155009.610296563,0.0,0.0
33.27470000948582,95662699.99981888,2491471.7254918404,0.0,0.0
35.74671675519426,104367005.0297863,4251835.754123738,0.0,0.0
36.84639947776011,107984736.53304043,3011207.1416080385,0.0,0.0
37.260270543817434,109540193.28385586,2055428.5258830457,0.0,0.0
40.49695790865743,118964668.35808219,2925599.1430673916,0.0,0.0
37.22021968113956,110019631.38616857,1853121.047487134,0.0,0.0
37.63648358300272,111449577.13102785,705942.9959556904,0.0,0.0
39.86972250170889,118064523.75714746,2317738.8575004963,0.0,0.0
34.83535532534989,105493360.97846955,5024961.0422986625,0.0,0.0
47.33442623761554,142738252.995792,15745994.595780673,0.0,0.0
37.421590799018595,124310304.8818858,2679904.390178266,0.0,0.0
34.94126080141757,116327402.69622144,20405955.67080918,0.0,0.0
30.742376338976364,102750480.93479301,9766271.375379805,0.0,0.0
28.08537028081198,93687480.4456246,3553628.3074419727,0.0,0.0
29.33130733931909,97987780.50983404,6421433.328366201,0.0,0.0
30.09729494217083,101715300.46230464,7436490.366639994,0.0,0.0
30.855350140710907,104683482.39790311,6699439.925045822,0.0,0.0
34.94051752761937,118428369.24298257,14422071.42701892,0.0,0.0
37.834736908495664,129183372.51900204,22472518.866907712,0.0,0.0
34.536376279420026,117490536.0270762,10117713.913616046,0.0,0.0
34.07970229895653,117249239.96181247,3534894.538371946,0.0,0.0
37.31526860965067,127676978.04242116,8028440.507027644,0.0,0.0
34.59585111140849,119528938.28813533,35754464.79236704,0.0,0.0
34.24683904105406,118894576.43896385,12035901.887535421,0.0,0.0
33.36733008340173,115692631.01159331,4496339.609751503,0.0,0.0
30.499083521469515,106142773.2735989,8776895.520800412,0.0,0.0
30.735196021916316,107188049.72359653,8166520.676041486,0.0,0.0
30.145888941298672,105240796.31105106,3908520.130458359,0.0,0.0
30.077511168946785,105866926.4533675,4173097.5950666866,0.0,0.0
28.054731432513897,99707070.67176247,5862442.276138267,0.0,0.0
26.651917185558077,95217423.16368964,4545799.025261707,0.0,0.0
26.914278459229966,95707260.87562208,3792359.1605351623,0.0,0.0
24.77865051619563,88367060.3371909,9583810.099589469,0.0,0.0
24.07239528509528,85862975.3869339,6271347.993803534,0.0,0.0
22.73320443130206,81317674.87058976,4830036.537174243,0.0,0.0
23.509985114900815,84284169.15968645,5191030.439874486,0.0,0.0
20.255965947072582,74707169.05937378,14123677.124353828,0.0,0.0
20.09936361932923,74438768.42805554,13966396.966033636,0.0,0.0
20.92085784308195,77096370.50100042,8221981.802304672,0.0,0.0
21.124723677899972,78435069.64803582,8188587.637297569,0.0,0.0
23.056476907590067,85659298.67883559,13894763.93989877,0.0,0.0
22.381802377198554,83409354.02474476,8145650.34086249,0.0,0.0
22.534461767995637,83726762.76442191,8793537.274096362,0.0,0.0
21.849441110549822,82309588.47800735,12681599.46038368,0.0,0.0
21.63595719431154,81746994.0668408,3792898.9584361925,0.0,0.0
21.14404809054577,80072995.92080192,4427550.633462371,0.0,0.0
20.91136656674217,79260365.4467425,11919634.631856726,0.0,0.0
21.356130070120365,81149485.45934527,15263648.937163215,0.0,0.0
22.666617075854333,86227852.28741463,17266176.457323615,0.0,0.0
22.31881932317468,84745584.67167413,20419962.270972546,0.0,0.0
21.939153728068433,84806884.01351574,14738760.953327777,0.0,0.0
20.926163695949253,80534071.11522089,12518273.165106306,0.0,0.0
21.75254714393192,84523802.93359962,6866858.7090062415,0.0,0.0
21.927055552422456,84649340.22358644,11897429.112772675,0.0,0.0
22.31689505775765,86641094.8716656,9051455.066336932,0.0,0.0
23.364106842751756,90626862.75541872,10113877.0395943,0.0,0.0
27.45078377291031,106977449.51740323,81182042.24731798,0.0,0.0
27.110466931837646,106854453.88092986,34828108.8192554,0.0,0.0
26.32238520908128,103323575.26445162,14863968.62115137,0.0,0.0
27.12339779199204,106713647.74127384,11529377.686770134,0.0,0.0
25.662603511929508,101171518.34781617,11085373.048882656,0.0,0.0
27.068651296296256,106700705.54807009,8237402.714904542,0.0,0.0
26.530248049639642,105105992.71934126,6128251.693211404,0.0,0.0
26.607422807583596,104840680.43971777,5441752.26134654,0.0,0.0
26.74364915122679,107666367.86316764,10249492.318004824,0.0,0.0
29.579018321046426,119737011.51135816,38727776.49179783,0.0,0.0
28.299811366447916,113656479.9023451,11775226.83053412,0.0,0.0
27.566742267262562,111266139.25669989,8907612.359279908,0.0,0.0
28.706020015407606,115407992.14997235,9177229.588128172,0.0,0.0
27.94971529983659,112599808.35957246,6622961.012830044,0.0,0.0
28.56445617332979,115260652.50752887,9364745.632838976,0.0,0.0
28.50451846420813,118668321.27281587,6404479.833460573,0.0,0.0
31.469931103754345,131506105.59503639,28896079.905861408,0.0,0.0
30.21223726030829,125986933.20636895,25036071.852032643,0.0,0.0
31.669045524752462,132097174.0074183,54553926.92783991,0.0,0.0
32.33042160505522,135516545.883014,26298719.380013153,0.0,0.0
30.48061611595941,127284655.43462744,8293572.84121814,0.0,0.0
30.22285107352313,126360118.39802667,6869631.081810136,0.0,0.0
27.673458424768956,117148387.41341409,7327069.699356495,0.0,0.0
27.187502142435356,115186688.24219553,5666121.461835856,0.0,0.0
27.87392193139762,118365207.58581904,5879538.010988043,0.0,0.0
27.65332893867324,117363021.32182531,6150975.174044846,0.0,0.0
29.907559123260658,126778659.39938001,21006041.681815155,0.0,0.0
29.114294195435257,123989297.81129971,5955634.276894264,0.0,0.0
29.449946302961976,125123901.28897615,4901834.229187465,0.0,0.0
30.599383544737538,130683907.61090262,15033873.007752385,0.0,0.0
27.282911366102276,116915985.18128999,10469348.004562456,0.0,0.0
28.88500672355819,123322298.31999943,52365882.86092779,0.0,0.0
28.66193847479913,123340593.03401585,31453958.330685895,0.0,0.0
26.79232451184163,115037971.73702243,8475620.3183897,0.0,0.0
26.79944610529274,115414211.6348879,11465315.43664414,0.0,0.0
27.000745004615798,116817852.22369578,5743014.402926942,0.0,0.0
25.866702007475578,112794801.49987257,8072086.316067058,0.0,0.0
25.56470285915988,111831657.51047815,16174808.298510319,0.0,0.0
25.78815110580136,112320133.3884568,12157691.056510407,0.0,0.0
25.315390824469304,110735245.9033374,11329967.027318021,0.0,0.0
24.712073708855673,107959950.72732523,14130934.287777461,0.0,0.0
25.851448276726597,113735513.71996921,18591315.46558564,0.0,0.0
25.415004632210003,112410492.49418327,26889940.377618946,0.0,0.0
22.607235485756696,100012869.64792097,47365489.45205643,0.0,0.0
21.634272614827573,95510524.79183203,25832207.687099364,0.0,0.0
23.07589837080774,102324127.45023507,19581662.79249913,0.0,0.0
23.57679894615034,104722470.7885031,13906289.764578873,0.0,0.0
22.36244309138795,99539625.98398893,8204102.19978846,0.0,0.0
24.421945555665843,108262776.10457918,20180371.135480586,0.0,0.0
23.291984954393953,103657388.77982579,15867510.936988179,0.0,0.0
22.270110651927723,100097061.13429768,9187959.547984893,0.0,0.0
26.206829140317165,116321448.66405998,85342396.73167785,0.0,0.0
24.310211169452845,109532806.11961292,39735290.04020657,0.0,0.0
23.737222344751494,107297680.98864743,11465683.501279628,0.0,0.0
25.384001338778546,114828990.3590535,15258608.760839349,0.0,0.0
25.821939144883242,116198546.33612007,10321665.542234277,0.0,0.0
25.47651882431274,115173766.90043879,7462081.632339068,0.0,0.0
25.206144818417357,114815228.15636142,8074699.976616139,0.0,0.0
24.90815148208526,113559064.23755533,6918778.435868096,0.0,0.0
24.462632918247657,111442334.50841632,8651329.928963872,0.0,0.0
24.643051895791505,112532950.38090307,17377874.441055063,0.0,0.0
24.271613238611003,110858821.3974182,3951628.7218612786,0.0,0.0
24.69965470034651,112487925.29226188,8103984.724404805,0.0,0.0
23.160296077071305,106407251.21004908,6892473.167812835,0.0,0.0
23.249171945236235,107120702.3985027,4023748.954483573,0.0,0.0
22.778973898828244,105290335.2907388,8112310.145283672,0.0,0.0
23.518975828523395,108652202.38032997,6576142.019194619,0.0,0.0
23.866030448913207,110345576.14732058,10392065.732593102,0.0,0.0
33.454133274974424,155975685.67349926,365811888.3530228,0.0,0.0
30.201083101882322,140967957.68435577,59762657.222357206,0.0,0.0
27.985465994877668,131135173.36601648,24898024.878820762,0.0,0.0
29.58793745564207,147841572.33347732,49975990.409055494,0.0,0.0
30.182861686994688,141540616.66483375,83878781.11752975,0.0,0.0
30.122199689164567,141898298.70175445,19546753.287017997,0.0,0.0
29.31598755492565,137196152.14254388,11517720.424262246,0.0,0.0
28.463278632920375,133641898.43985483,8746983.200434463,0.0,0.0
28.291962517708946,133126100.34788248,6313486.92694468,0.0,0.0
29.124403680627147,136954896.04950017,35079277.39152463,0.0,0.0
29.363056838233742,139189983.59224385,15121962.656675624,0.0,0.0
28.669592813947826,136765718.14491048,10500234.075220365,0.0,0.0
26.36932024637891,125308351.80245265,8530210.819360442,0.0,0.0
26.63216015951616,126526622.95290078,8130675.421944893,0.0,0.0
26.543116687969547,126353612.6441042,6359035.386594746,0.0,0.0
29.156300012593828,138689086.91825247,24492785.71740258,0.0,0.0
28.66930247660833,136462843.750173,16991707.16051971,0.0,0.0
28.28532659711051,134713992.8770732,4872160.874184597,0.0,0.0
28.428719259638807,136157912.13473523,8111982.51217562,0.0,0.0
30.559168138933142,146935998.59096572,13450361.758079804,0.0,0.0
28.894856013602798,137412727.93756413,18301803.910044365,0.0,0.0
28.60060661504132,137929902.96072355,8478555.18842451,0.0,0.0
29.56536337769153,142289058.69342187,7233690.558676321,0.0,0.0
34.07811444059154,164654985.6591758,45704602.75999296,0.0,0.0
34.616080802886415,168775979.28430864,29896329.731885936,0.0,0.0
37.17580375098356,181422980.63967982,20702251.787104193,0.0,0.0
36.016609107582575,175753064.37954706,120552102.135802,0.0,0.0
35.15313009927945,173371939.34052244,21566784.93625769,0.0,0.0
33.44820919345888,163694190.7321366,13398713.054884315,0.0,0.0
33.006604946263465,162068812.11414716,10412580.327598749,0.0,0.0
33.00424322996422,161597567.2523359,8823577.899355147,0.0,0.0
31.57157248425872,156214035.55727482,5832855.4907738045,0.0,0.0
29.772839049012045,147303592.1098957,8948642.264511123,0.0,0.0
29.92837306762183,147762173.97794303,8544656.157959875,0.0,0.0
28.288652502826913,139976911.84073773,6112111.183291928,0.0,0.0
29.261888527705054,145105123.0920953,10391706.389333863,0.0,0.0
29.745553092619875,147538924.4748929,6128626.896727504,0.0,0.0
29.01064311650314,144187155.52187264,12176163.733079938,0.0,0.0
27.454438100738344,137003643.5164353,12111893.025939541,0.0,0.0
27.6325074106387,138109736.35529947,8457314.16243149,0.0,0.0
25.733270856345964,128572330.7177742,7034965.124395844,0.0,0.0
27.007738348035087,135362004.84327093,12828642.123323416,0.0,0.0
24.842690882627675,124133979.36374001,11448500.374535454,0.0,0.0
25.92166179879305,129798081.9729984,8517174.228218434,0.0,0.0
25.60885990179243,128410040.20564294,6960868.102848226,0.0,0.0
24.92844357278515,125806980.28137186,14970418.417688273,0.0,0.0
24.413764153970046,123393097.67738666,16998459.166059837,0.0,0.0
25.413873120905528,128396238.99964583,12887232.411510961,0.0,0.0
26.04653805790194,131649219.77481617,45295997.05934713,0.0,0.0
24.585720324008317,124042478.54367125,26339914.737834744,0.0,0.0
22.919183962126024,116002884.07229677,18517564.019351043,0.0,0.0
21.037600085297672,106638701.06434426,11140582.469654778,0.0,0.0
19.822154423218084,100989991.55384263,30342956.23876722,0.0,0.0
19.3056423753143,98365013.71043351,10583553.667805236,0.0,0.0
18.98050030473829,96580615.78471391,8978060.195028497,0.0,0.0
17.8896099272589,91659263.55364676,15853155.071823126,0.0,0.0
16.717779274765384,85870378.55898724,10258935.95551498,0.0,0.0
17.63671451630977,90351422.68350971,9253229.148788681,0.0,0.0
17.482642354208988,89423780.43570046,7819812.735968324,0.0,0.0
15.791830985996574,80937477.7595847,8605096.109396832,0.0,0.0
14.91722309823172,76797240.51817544,10707951.86704264,0.0,0.0
15.540012916765443,79963681.42780155,8579643.341982475,0.0,0.0
15.183991927210295,78433964.29465713,9058452.37131626,0.0,0.0
15.753076430305459,81262519.57845414,15059985.016031817,0.0,0.0
16.14090756337507,83212075.13477515,29918932.956265043,0.0,0.0
16.213856810403758,83727931.10755457,8298194.199059777,0.0,0.0
15.201806500284812,78976261.95305248,9183273.786589032,0.0,0.0
15.446994861805786,80339317.45195527,8525134.001277637,0.0,0.0
15.739664811526497,81853003.2948294,6295046.91296028,0.0,0.0
17.109921388956504,89091429.70072484,14772115.68213196,0.0,0.0
16.57051579025249,86460057.68328351,9476329.013922064,0.0,0.0
17.088921330318,89222754.98019728,7580776.087214601,0.0,0.0
17.16439823924361,89554834.27169946,9402063.110015215,0.0,0.0
17.060925026663607,89506210.14867613,10910829.529694177,0.0,0.0
19.090643750215783,100882013.38443421,59772903.941793926,0.0,0.0
16.860536523836434,88286216.98488177,20876832.24987008,0.0,0.0
16.384139429322406,85955176.59572093,14018523.42319199,0.0,0.0
16.49131162128924,86815006.51719959,10575881.30803547,0.0,0.0
18.45180238780378,96921572.13290642,48075949.15594511,0.0,0.0
18.405099064152317,96890610.15026085,28442565.35857735,0.0,0.0
18.390829021772223,97440635.8037188,12035251.285849689,0.0,0.0
18.29445374962252,97693551.83820647,11018709.489303352,0.0,0.0
16.568711527553223,88002605.740025,10052406.348576559,0.0,0.0
16.518467321988656,87674725.71790902,10345726.415942982,0.0,0.0
15.739578081614276,83393760.90367386,9318721.815873949,0.0,0.0
15.124223435512944,80390848.66444774,5975896.453303955,0.0,0.0
15.46089875855575,82139303.00065067,5000434.2086888375,0.0,0.0
14.940686186112748,79545282.53693213,6518575.922237477,0.0,0.0
14.689060937596274,78394370.78684999,6679365.213505952,0.0,0.0
15.18931354033736,80988087.65280604,6636427.388365787,0.0,0.0
14.679734147374877,78647927.96949972,5609463.984912494,0.0,0.0
14.68591810479617,78456016.30144592,6735222.1224733535,0.0,0.0
15.000082947998356,80424056.59345765,4454858.01329188,0.0,0.0
14.871486482854818,79592993.03798798,3711964.9409788074,0.0,0.0
14.559983788082425,78281406.0496726,7094846.942784922,0.0,0.0
14.075491762235742,75761287.18261427,5236967.274876552,0.0,0.0
13.647135839472805,73566391.41760631,4189883.8623821773,0.0,0.0
13.192259740133348,71488568.48275377,4266610.86511703,0.0,0.0
11.531824236355018,62310935.202021234,7984236.767275335,0.0,0.0
10.721247494132564,57951827.52856402,7497872.104779465,0.0,0.0
11.174611598247681,60367543.6784043,6035370.114801927,0.0,0.0
10.797961674707535,58748824.23165244,9261889.65413949,0.0,0.0
10.867796134553824,64646153.57810758,5172395.955003309,0.0,0.0
10.57290926775787,63297350.83752844,6573736.897202701,0.0,0.0
10.218288330445029,60618352.955918886,5174719.820717146,0.0,0.0
10.344037396674555,61566723.15289665,3498413.5034587267,0.0,0.0
10.528467574465108,62762529.53030131,3069366.6373509844,0.0,0.0
10.193268956363527,60782089.99001101,3132123.1038073506,0.0,0.0
9.907114946478758,59166488.338802,6120829.45352202,0.0,0.0
9.815842798884905,59009387.761311635,8689907.853105165,0.0,0.0
9.715975404700007,58381095.74818521,7289566.7629485205,0.0,0.0
9.703963292481774,58536326.56647424,7825213.542576984,0.0,0.0
10.36484923656424,61929815.32119108,6177330.315354445,0.0,0.0
10.661322383996408,64517980.921919085,10153759.835317241,0.0,0.0
10.77420708701469,65152315.567426465,6340226.291851842,0.0,0.0
11.14066257521124,67537074.595492,12517189.27572492,0.0,0.0
10.638493481394235,64529928.48736995,10107133.653779974,0.0,0.0
10.861517407102587,65982791.89078451,7179681.485114584,0.0,0.0
10.42965347015042,63175514.281374484,8728810.101037703,0.0,0.0
9.825232219345851,59707486.88663681,7509492.246820253,0.0,0.0
9.696087983504592,58928149.031135246,6131827.23099081,0.0,0.0
9.69484473535681,59053891.541107215,14041367.563570831,0.0,0.0
10.059542048169169,61406599.23494783,14679914.632649252,0.0,0.0
10.433857081010471,63848985.166986376,7922605.565319811,0.0,0.0
10.188856000593782,62269797.69418094,6085858.680507535,0.0,0.0
9.52835049941414,58228800.0616411,6125849.312034708,0.0,0.0
9.036251015681456,55214900.1332207,5894470.885679921,0.0,0.0
9.082649055980744,55698363.050208814,4821464.230189922,0.0,0.0
8.695983735214694,53398382.009535044,7780521.426274643,0.0,0.0
8.392230712971791,51848381.124762826,8156526.43129293,0.0,0.0
8.343250862121433,51379721.88187089,4617641.1953111,0.0,0.0
8.012340160398336,49325096.86268536,3685715.008455691,0.0,0.0
7.344756077917833,45284388.40005808,8264287.939847967,0.0,0.0
7.603518665638681,46971814.17714653,5236878.578585278,0.0,0.0
7.455385185846818,45970397.75903824,3945710.433417891,0.0,0.0
7.256584464140067,44816761.7298935,6103522.319703698,0.0,0.0
7.661705690332363,47347507.930400364,5429712.129190706,0.0,0.0
7.820868745941736,48462710.52621058,10826202.78422851,0.0,0.0
7.601019005957152,47212331.92233155,9294749.813924901,0.0,0.0
7.239335765518033,45074338.97795014,4575502.826619197,0.0,0.0
7.011926196186688,43594791.44402224,3111036.9195223604,0.0,0.0
7.096369296071223,44109634.90033246,4637072.245463395,0.0,0.0
8.740611887483078,54265608.306343466,85300616.65074675,0.0,0.0
7.4590347268251636,46611668.28227832,29162478.606422585,0.0,0.0
7.0838711708495525,44465786.10548677,9820205.20817924,0.0,0.0
7.19932917855956,45183302.76814865,7037125.700468633,0.0,0.0
6.994987397650159,43942574.77065422,10576937.48090934,0.0,0.0
6.793616218093179,42792197.985293694,4241389.592202603,0.0,0.0
6.854933219265732,43198066.709549814,3081463.3604192897,0.0,0.0
6.551934253827784,41212144.3283435,4631945.609256821,0.0,0.0
6.823438292989312,42885143.14303651,5247404.946626172,0.0,0.0
6.733812991222285,42574074.94370272,12719413.7119898,0.0,0.0
6.8952870848227885,43601576.15575584,5040495.598741785,0.0,0.0
6.942823062012741,43895068.33491683,3529322.0341190677,0.0,0.0
7.05784910515331,44681405.50984256,3075854.698937743,0.0,0.0
7.649815704356199,48447896.69289208,17718684.812362,0.0,0.0
7.846620151986901,49495449.00285703,20512434.050865747,0.0,0.0
7.791665629437908,49665863.76729612,6656973.541834383,0.0,0.0
8.14973997967728,51689714.15306219,10287916.171301108,0.0,0.0
8.122726134511618,51620172.02486112,6326899.462243074,0.0,0.0
8.206525746337407,52233031.444391325,7323655.014517292,0.0,0.0
8.545563132308155,54415617.96730202,13776382.30752161,0.0,0.0
9.053457114732232,57673073.49809827,59178678.70027994,0.0,0.0
9.184228585250501,58510665.2755191,12335533.829486592,0.0,0.0
9.158667999244125,58356411.44775917,14646759.923150204,0.0,0.0
9.133011717674774,58398340.90277713,7610437.52812159,0.0,0.0
9.095121195868984,58129512.627115786,6717680.817910211,0.0,0.0
8.653405807352472,55848340.59159137,7040118.621929793,0.0,0.0
9.139495869131826,58591672.76734476,6137033.998765684,0.0,0.0
9.217321928951108,59160958.01302836,6538850.2748782635,0.0,0.0
9.47834310052166,60783745.586369984,6904878.648251362,0.0,0.0
9.651546322325414,61710095.01921667,9286161.136000987,0.0,0.0
9.958475566111616,64157667.61301231,26610616.37724761,0.0,0.0
9.093973742584641,58958317.723397054,73858774.55678715,0.0,0.0
9.105078284515201,58896003.34844605,13145338.141153054,0.0,0.0
8.688186473254856,56066406.360032335,8673543.233968483,0.0,0.0
8.990656932890438,58162924.86507563,7792235.068113801,0.0,0.0
8.85635630741082,57571600.647747725,8459939.145730557,0.0,0.0
8.044437935281085,52517293.292754196,9015134.777185725,0.0,0.0
7.920950175530556,51573298.0077655,4824064.468379207,0.0,0.0
7.975216209806519,52036896.57065061,3823267.08403558,0.0,0.0
7.852812712575686,51280443.465946876,19518741.631210413,0.0,0.0
7.909368638600555,51600775.42644814,7753443.463829066,0.0,0.0
7.855895598499083,51354922.84491417,3400877.8456373713,0.0,0.0
7.701740565231627,50266053.97460343,2931419.0020638076,0.0,0.0
7.789181655062133,50930046.17625769,27490472.96582481,0.0,0.0
7.794635250206329,51059434.531615645,40585412.9716662,0.0,0.0
7.79348049179146,51124946.04877997,54800623.96429329,0.0,0.0
7.562360230348751,49517085.36047651,52607134.11236602,0.0,0.0
7.536376009254077,49445856.71042013,44314030.6542293,0.0,0.0
7.322522196220986,48048520.367157,39667162.919595554,0.0,0.0
7.156911317137273,46987612.5250791,44376955.519542605,0.0,0.0
7.430202297832858,48610576.99830131,41588492.35996829,0.0,0.0
6.698499363680523,44120559.03144504,33417883.648885418,0.0,0.0
6.825096559013709,44944390.42342138,29840476.67673095,0.0,0.0
6.828973607756816,44986976.907440014,34260050.78029842,0.0,0.0
6.117693946583552,40351658.580863185,32436671.471254464,0.0,0.0
5.868905440814855,39180665.38984874,27803373.56417235,0.0,0.0
6.145391837094111,40465074.410856225,29289887.59995545,0.0,0.0
6.065016930123225,40133056.815062255,22891951.959308956,0.0,0.0
6.062724780291546,40027161.15708077,21322161.897121064,0.0,0.0
6.207589093300594,41042654.83431274,24969227.50424538,0.0,0.0
5.667249993589091,37649275.19368873,24584569.302984938,0.0,0.0
5.320555104884217,35161156.789883524,19930485.482253335,0.0,0.0
5.32250257760791,35352473.43813055,24746189.9471073,0.0,0.0
5.118558314303221,33820054.32198791,26718227.952027358,0.0,0.0
5.490888435002501,36751595.49865242,64155997.9057708,0.0,0.0
4.852779222301364,32313233.992800355,56421363.59910981,0.0,0.0
3.5892462581997995,24092677.73580454,25390720.068466235,0.0,0.0
3.17384484078995,21341568.164329566,17778861.517432947,0.0,0.0
3.3600342146344135,22579292.25595843,18531303.016825814,0.0,0.0
3.3360242629039027,22356305.426587813,17234147.79485916,0.0,0.0
3.63210231298321,24335148.275179792,19128124.667505685,0.0,0.0
3.3961255500230942,22796289.18085739,16890700.298439242,0.0,0.0
3.6107954434875227,24249316.85293418,15429596.771452878,0.0,0.0
3.392257026772841,22845168.955736313,19215237.882066283,0.0,0.0
3.598066918805256,24158699.65173642,18632858.53088803,0.0,0.0
3.42619243227218,23016721.262008138,12594549.353189407,0.0,0.0
3.4561020120953105,23229863.073948156,12350100.745032642,0.0,0.0
3.554769838797479,23848712.458819028,12402299.340379262,0.0,0.0
3.4756895934916385,23404979.734586548,14237555.782689685,0.0,0.0
3.84509875588961,25905931.267075453,25609732.438077778,0.0,0.0
3.5842430325306944,24315824.18303263,18254327.822205644,0.0,0.0
3.2791303845389024,22135640.09149747,17456866.42732369,0.0,0.0
3.4145350695159404,22995105.562394943,19787867.252478823,0.0,0.0
3.4734568849365846,23470075.800978113,16535242.882899648,0.0,0.0
3.6008369033125107,24447499.23991526,15750195.99139035,0.0,0.0
3.742824467191393,25308716.211440008,18303633.567604005,0.0,0.0
3.704276098923974,25077632.38673067,17418537.906539433,0.0,0.0
3.4248065532070484,23226467.510368083,18552681.483397946,0.0,0.0
3.5220735605310343,23927368.602130283,17524582.471387826,0.0,0.0
3.4616372832643982,23449104.08090059,12948836.068706032,0.0,0.0
3.4632692047631988,23527675.469438706,16923081.693550885,0.0,0.0
3.502410664729931,23776059.076191206,18830066.476496536,0.0,0.0
3.5349127856352087,24003547.808814816,14742618.41160168,0.0,0.0
3.8660974729903486,26321990.64182103,28231006.738296058,0.0,0.0
3.6025178624746728,24429415.68390624,24547953.21154532,0.0,0.0
3.690403710219799,25091636.313639592,18422870.85242752,0.0,0.0
